Id,ProductName,PermitName,KindName,AreaName,State,LoadTagPDF,County,CostPerUnit,MinQuantity,MaxQuantity,ValidForDays,SaleStart,SaleEnd,HarvestStart,HarvestEnd,OrderCount,SaleCount,SaleLimit,QuantitySold,ProductStatus
1,Tiekel,Vegetative Material Sale Permit (5450-5a),Christmas Tree,Glenallen Field Office,Alaska,LT-0002_XMAS.pdf,,15,1,1,60,11/1/2025,12/24/2025,11/1/2025,12/25/2025,1,0,0,0,Active
2,Tiekel - Subsistence,Alaska Subsistence (5510-1),Christmas Tree,Glenallen Field Office,Alaska,LT-0002_XMAS.pdf,,0,1,1,60,11/1/2025,12/24/2025,11/1/2025,12/25/2025,2,2,0,0,Active
3,Tiekel,Vegetative Material Sale Permit (5450-5a),Fuelwood,Glenallen Field Office,Alaska,LT-0002_FUELWOOD.pdf,,10,2,10,365,1/1/2021,12/31/2033,1/15/2021,12/31/2034,20,13,0,25,Active
4,Tiekel - Subsistence,Alaska Subsistence (5510-1),Fuelwood,Glenallen Field Office,Alaska,LT-0002_FUELWOOD.pdf,,0,2,10,365,1/1/2021,12/31/2033,1/15/2021,12/31/2034,90,86,0,501,Active
5,Pocatello Field Office,Vegetative Material Sale Permit (5450-5a),Fuelwood,Pocatello Field Office,Idaho,LT-0002_FUELWOOD.pdf,Oneida,10,2,6,180,6/1/2025,11/29/2025,6/1/2025,11/30/2025,633,563,0,1250,Inactive
6,Pocatello Field Office,Vegetative Material Sale Permit (5450-5a),Christmas Tree,Pocatello Field Office,Idaho,LT-0002_XMAS.pdf,Oneida,10,1,1,60,11/12/2025,12/23/2025,11/12/2025,12/24/2025,3697,3257,0,3058,Active
7,Cuba West,Vegetative Material Sale Permit (5450-5a),Fuelwood,Rio Puerco Field Office,New Mexico,LT-0002_FUELWOOD.pdf,Sandoval,10,2,4,30,1/1/2019,12/31/2021,1/1/2019,3/31/2022,824,696,0,655,Inactive
8,Rio Arriba Fuelwood,Vegetative Material Sale Permit (5450-5a),Fuelwood,Central Rio Arriba County (Taos Field Office),New Mexico,LT-0002_FUELWOOD.pdf,Rio Arriba,12,1,4,30,5/1/2022,12/30/2022,5/1/2022,12/31/2022,125,108,0,169,Inactive
9,Taos Field Office,Vegetative Material Sale Permit (5450-5a),Fuelwood,Taos Field Office,New Mexico,LT-0002_FUELWOOD.pdf,Taos,12,1,4,90,5/1/2025,12/30/2025,5/1/2025,12/31/2025,2040,1797,0,2644,Active
10,Fuelwood - Santa Fe County,Vegetative Material Sale Permit (5450-5a),Fuelwood,Santa Fe County (Taos Field Office),New Mexico,LT-0002_FUELWOOD.pdf,Santa Fe,12,1,4,30,5/1/2022,12/30/2022,5/1/2022,12/31/2022,328,292,0,341,Inactive
11,Tumalo Woodcutting Area,Vegetative Material Sale Permit (5450-5a),Fuelwood,Tumalo,Oregon,LT-0002_FUELWOOD.pdf,Deschutes,10,1,10,90,5/1/2019,11/29/2019,5/1/2019,11/30/2019,25,10,0,0,Inactive
12,Kemmerer Field Office,Vegetative Material Sale Permit (5450-5a),Fuelwood,Kemmerer Field Office,Wyoming,LT-0002_FUELWOOD.pdf,Lincoln,7,2,10,365,1/1/2023,12/31/2029,1/1/2023,12/31/2030,452,401,0,1235,Active
13,Kemmerer Field Office,Vegetative Material Sale Permit (5450-5a),Christmas Tree,Kemmerer Field Office,Wyoming,LT-0002_XMAS.pdf,Lincoln,10,1,5,60,1/1/2023,12/31/2029,1/1/2023,12/31/2030,566,490,0,638,Active
14,Fall River Woodcutting Area,Vegetative Material Sale Permit (5450-5a),Fuelwood,Fall River,Oregon,LT-0002_FUELWOOD.pdf,Deschutes,10,1,10,90,5/1/2019,11/29/2019,5/1/2019,11/30/2019,9,7,0,0,Inactive
15,Cuba West,Vegetative Material Sale Permit (5450-5a),Christmas Tree,Rio Puerco Field Office,New Mexico,LT-0002_XMAS.pdf,Sandoval,5,1,3,60,11/22/2021,12/23/2021,11/22/2021,12/24/2021,72,65,0,70,Inactive
16,Central Rio Arriba County,Vegetative Material Sale Permit (5450-5a),Christmas Tree,Central Rio Arriba County (Taos Field Office),New Mexico,LT-0002_XMAS.pdf,Rio Arriba,5,1,2,60,11/22/2022,12/23/2022,11/22/2022,12/24/2022,13,9,0,10,Inactive
20,Taos Field Office,Vegetative Material Sale Permit (5450-5a),Christmas Tree,Taos Field Office,New Mexico,LT-0002_XMAS.pdf,Taos,5,1,2,60,11/24/2025,12/24/2025,11/24/2025,12/25/2025,1045,895,0,1077,Active
21,Santa Fe County,Vegetative Material Sale Permit (5450-5a),Christmas Tree,Santa Fe County (Taos Field Office),New Mexico,LT-0002_XMAS.pdf,Santa Fe,5,1,2,60,11/22/2022,12/23/2022,11/22/2022,12/24/2022,115,106,0,104,Inactive
22,Tres Rios Field Office,Vegetative Material Sale Permit (5450-5a),Fuelwood,Tres Rios Field Office,Colorado,LT-0002_FUELWOOD.pdf,Dolores,10,2,10,90,1/1/2022,12/31/2034,1/1/2022,3/30/2035,548,475,0,1081,Active
23,Farmington Field Office,Vegetative Material Sale Permit (5450-5a),Fuelwood,Farmington Field Office,New Mexico,LT-0002_FUELWOOD.pdf,San Juan,12,1,4,90,1/1/2023,12/31/2034,1/1/2023,3/31/2035,2396,2047,0,3003,Active
24,Buffalo Field Office,Vegetative Material Sale Permit (5450-5a),Fuelwood,Buffalo Field Office,Wyoming,LT-0002_FUELWOOD.pdf,JOHNSON,5,1,10,365,1/1/2020,12/31/2029,1/1/2020,12/31/2030,167,142,0,262,Active
25,Grand Junction Woodcutting Areas,Vegetative Material Sale Permit (5450-5a),Fuelwood,Grand Junction Field Office,Colorado,LT-0002_FUELWOOD.pdf,Mesa,10,2,10,90,5/10/2020,12/30/2020,5/14/2020,12/31/2020,14,12,0,0,Inactive
26,Field Office Wide,Vegetative Material Sale Permit (5450-5a),Fuelwood,Gunnison Field Office,Colorado,LT-0002_FUELWOOD.pdf,Gunnison,10,2,10,90,5/14/2020,12/30/2020,5/14/2020,12/31/2020,51,46,0,0,Inactive
27,Royal Gorge Field Office,Vegetative Material Sale Permit (5450-5a),Fuelwood,Royal Gorge Field Office,Colorado,LT-0002_FUELWOOD.pdf,Fremont,7,1,10,60,12/22/2020,12/31/2027,12/22/2020,2/28/2028,1283,1149,0,2049,Active
28,Cody Field Office,Vegetative Material Sale Permit (5450-5a),Fuelwood,Cody Field Office,Wyoming,LT-0002_FUELWOOD.pdf,Park,7.5,1,10,152,1/1/2023,12/31/2023,1/1/2023,12/31/2023,66,53,0,83,Inactive
29,Lander Field Office,Vegetative Material Sale Permit (5450-5a),Fuelwood,Lander Field Office,Wyoming,LT-0002_FUELWOOD.pdf,Fremont,7.5,1,10,365,1/1/2023,12/31/2029,1/1/2023,12/31/2030,284,251,0,672,Active
30,Newcastle Field Office,Vegetative Material Sale Permit (5450-5a),Fuelwood,Newcastle Field Office,Wyoming,LT-0002_FUELWOOD.pdf,Weston,5,1,10,365,1/1/2020,12/31/2029,1/1/2020,12/31/2030,109,92,0,235,Active
31,Rawlins Field Office,Vegetative Material Sale Permit (5450-5a),Fuelwood,Rawlins Field Office,Wyoming,LT-0002_FUELWOOD.pdf,Carbon,7,2,10,365,1/1/2023,12/31/2029,1/1/2023,12/31/2030,504,465,0,1272,Active
32,Rock Springs Field Office,Vegetative Material Sale Permit (5450-5a),Fuelwood,Rock Springs Field Office,Wyoming,LT-0002_FUELWOOD.pdf,Sweetwater,7,2,10,365,1/1/2023,12/31/2029,1/1/2023,12/31/2030,376,335,0,875,Active
33,Worland Field Office,Vegetative Material Sale Permit (5450-5a),Fuelwood,Worland Field Office,Wyoming,LT-0002_FUELWOOD.pdf,Hot Springs,7.5,1,10,365,1/1/2023,12/31/2029,1/1/2023,12/31/2030,65,61,0,96,Active
34,Tanacross Airstrip,Vegetative Material Sale Permit (5450-5a),Fuelwood,Eastern Interior Field Office,Alaska,LT-0002_FUELWOOD.pdf,,10,3,10,90,1/1/2020,12/30/2033,1/1/2020,12/31/2034,2,1,0,0,Active
35,Pinedale Field Office,Vegetative Material Sale Permit (5450-5a),Fuelwood,Pinedale Field Office,Wyoming,LT-0002_FUELWOOD.pdf,Lincoln,7,2,10,365,1/1/2023,12/31/2029,1/1/2023,12/31/2030,272,246,0,887,Active
36,Casper Field Office,Vegetative Material Sale Permit (5450-5a),Fuelwood,Casper Field Office,Wyoming,LT-0002_FUELWOOD.pdf,NATRONA,5,1,4,365,1/1/2023,12/31/2029,1/1/2023,12/31/2030,414,387,0,662,Active
37,Rattlesnake Creek,Vegetative Material Sale Permit (5450-5a),Fuelwood,Rattlesnake Creek,Oregon,LT-0002_FUELWOOD.pdf,Harney,5,1,6,90,7/28/2020,11/15/2020,7/28/2020,12/15/2020,1,1,0,0,Inactive
38,Pine Creek,Vegetative Material Sale Permit (5450-5a),Fuelwood,Pine Creek,Oregon,LT-0002_FUELWOOD.pdf,Harney,5,1,6,90,7/31/2020,11/15/2020,7/31/2020,12/15/2020,3,2,0,1,Inactive
39,Gunnison Field Office,Vegetative Material Sale Permit (5450-5a),Fuelwood,Gunnison Field Office,Colorado,LT-0002_FUELWOOD.pdf,Gunnison,10,2,10,90,5/15/2025,12/30/2025,5/15/2025,12/31/2025,327,284,0,696,Active
40,Grand Junction Field Office,Vegetative Material Sale Permit (5450-5a),Fuelwood,Grand Junction Field Office,Colorado,LT-0002_FUELWOOD.pdf,Mesa,12,2,10,90,5/1/2025,11/29/2025,5/1/2025,11/30/2025,158,137,0,324,Inactive
41,Cedar City Field Office,Vegetative Material Sale Permit (5450-5a),Fuelwood,Cedar City Field Office,Utah,LT-0002_FUELWOOD.pdf,Beaver,5,2,10,90,1/1/2020,12/31/2027,1/1/2020,3/31/2028,1426,1304,0,3447,Active
42,Vernal Field Office,Vegetative Material Sale Permit (5450-5a),Fuelwood,Vernal Field Office,Utah,LT-0002_FUELWOOD.pdf,Uintah,5,2,4,60,1/1/2020,12/30/2025,1/1/2020,3/16/2026,321,277,0,747,Active
43,Carson City District,Vegetative Material Sale Permit (5450-5a),Fuelwood,Carson City District,Nevada,LT-0002_FUELWOOD.pdf,Douglas,10,2,10,90,1/22/2024,12/31/2033,1/22/2024,3/31/2034,768,669,0,1073,Active
44,Buffalo Field Office,Vegetative Material Sale Permit (5450-5a),Christmas Tree,Buffalo Field Office,Wyoming,LT-0002_XMAS.pdf,Johnson,8,1,5,60,1/1/2021,12/31/2029,1/1/2021,12/31/2030,444,381,0,490,Active
45,Cody Field Office,Vegetative Material Sale Permit (5450-5a),Christmas Tree,Cody Field Office,Wyoming,LT-0002_XMAS.pdf,Park,7.5,1,5,60,1/1/2023,12/31/2029,1/1/2023,12/31/2030,321,271,0,361,Inactive
46,Lander Field Office,Vegetative Material Sale Permit (5450-5a),Christmas Tree,Lander Field Office,Wyoming,LT-0002_XMAS.pdf,Fremont,7.5,1,5,60,1/1/2023,12/31/2029,1/1/2023,12/31/2030,496,430,0,600,Active
47,Worland Field Office,Vegetative Material Sale Permit (5450-5a),Christmas Tree,Worland Field Office,Wyoming,LT-0002_XMAS.pdf,Hot Springs,7.5,1,5,60,1/1/2023,12/30/2029,1/1/2023,12/31/2030,180,156,0,210,Active
48,Casper Field Office,Vegetative Material Sale Permit (5450-5a),Christmas Tree,Casper Field Office,Wyoming,LT-0002_XMAS.pdf,Natrona,8,1,5,60,1/1/2021,12/31/2029,1/1/2021,12/31/2030,1929,1682,0,2155,Active
49,Bismark Peak,Vegetative Material Sale Permit (5450-5a),Fuelwood,Salt Lake Field Office Bismark Peak,Utah,LT-0002_FUELWOOD.pdf,Utah,6,2,10,90,1/1/2020,12/30/2022,1/1/2020,12/31/2022,33,30,0,73,Inactive
50,Black Rock Canyon,Vegetative Material Sale Permit (5450-5a),Fuelwood,Salt Lake Field Office Black Rock Canyon,Utah,LT-0002_FUELWOOD.pdf,Tooele,6,2,10,90,4/1/2022,11/29/2022,5/1/2022,11/30/2022,12,11,0,24,Inactive
51,Chiulos Canyon,Vegetative Material Sale Permit (5450-5a),Fuelwood,Salt Lake Field Office Chiulos Canyon,Utah,LT-0002_FUELWOOD.pdf,Utah,6,2,10,90,1/1/2020,12/30/2022,1/1/2020,12/31/2022,39,34,0,74,Inactive
52,City of Rocks,Vegetative Material Sale Permit (5450-5a),Fuelwood,Salt Lake Field Office City of Rocks,Utah,LT-0002_FUELWOOD.pdf,Box Elder,6,2,10,90,1/1/2020,12/30/2022,1/1/2020,12/31/2022,4,3,0,14,Inactive
53,Cottonwood Canyon,Vegetative Material Sale Permit (5450-5a),Fuelwood,Salt Lake Field Office Cottonwood Canyon,Utah,LT-0002_FUELWOOD.pdf,Utah,6,2,10,90,1/1/2020,12/30/2022,1/1/2020,12/31/2022,67,52,0,126,Inactive
54,Hardesty Creek,Vegetative Material Sale Permit (5450-5a),Fuelwood,Salt Lake Field Office Hardesty Creek,Utah,LT-0002_FUELWOOD.pdf,Box Elder,6,2,10,90,1/1/2020,12/30/2022,1/1/2020,12/31/2022,1,1,0,6,Inactive
55,Morse Canyon,Vegetative Material Sale Permit (5450-5a),Fuelwood,Salt Lake Field Office Morse Canyon,Utah,LT-0002_FUELWOOD.pdf,Box Elder,6,2,10,90,1/1/2020,12/30/2022,1/1/2020,12/31/2022,2,2,0,10,Inactive
56,North Fork Otter Creek,Vegetative Material Sale Permit (5450-5a),Fuelwood,Salt Lake Field Office North Fork Otter Creek,Utah,LT-0002_FUELWOOD.pdf,Rich,6,2,10,90,1/1/2020,12/30/2022,1/1/2020,12/31/2022,16,11,0,39,Inactive
57,Silverado Canyon,Vegetative Material Sale Permit (5450-5a),Fuelwood,Salt Lake Field Office Silverado Canyon,Utah,LT-0002_FUELWOOD.pdf,Tooele,6,2,10,90,4/1/2022,11/29/2022,5/1/2022,11/30/2022,69,57,0,138,Inactive
58,West Emigrant Pass,Vegetative Material Sale Permit (5450-5a),Fuelwood,Salt Lake Field Office West Emigrant Pass,Utah,LT-0002_FUELWOOD.pdf,Box Elder,6,2,10,90,1/1/2020,12/30/2022,1/1/2020,12/31/2022,10,8,0,18,Inactive
59,Broad Canyon,Vegetative Material Sale Permit (5450-5a),Fuelwood,Salt Lake Field Office Broad Canyon,Utah,LT-0002_FUELWOOD.pdf,Utah,6,2,10,90,1/1/2020,12/30/2022,1/1/2020,12/31/2022,40,39,0,103,Inactive
60,Silverado Canyon Christmas Tree,Vegetative Material Sale Permit (5450-5a),Christmas Tree,Salt Lake Field Office Silverado Canyon,Utah,LT-0002_XMAS.pdf,Tooele,10,1,2,60,11/2/2020,11/29/2020,11/2/2020,11/30/2020,7,6,10,10,Inactive
61,Bismark Peak Christmas Tree,Vegetative Material Sale Permit (5450-5a),Christmas Tree,Salt Lake Field Office Bismark Peak,Utah,LT-0002_XMAS.pdf,Utah,10,1,2,60,11/2/2020,12/24/2020,11/2/2020,12/25/2020,6,6,10,10,Inactive
62,Broad Canyon Christmas Tree,Vegetative Material Sale Permit (5450-5a),Christmas Tree,Salt Lake Field Office Broad Canyon,Utah,LT-0002_XMAS.pdf,Utah,10,1,2,60,11/2/2020,12/24/2020,11/2/2020,12/25/2020,16,15,25,26,Inactive
63,Chiulos Canyon Christmas Tree,Vegetative Material Sale Permit (5450-5a),Christmas Tree,Salt Lake Field Office Chiulos Canyon,Utah,LT-0002_XMAS.pdf,Utah,10,1,2,60,11/2/2020,12/24/2020,11/2/2020,12/25/2020,22,18,25,25,Inactive
64,West Emigrant Pass Christmas Tree,Vegetative Material Sale Permit (5450-5a),Christmas Tree,Salt Lake Field Office West Emigrant Pass,Utah,LT-0002_XMAS.pdf,Box Elder,10,1,2,60,11/2/2020,12/24/2020,11/2/2020,12/25/2020,7,7,10,11,Inactive
65,Lofgren Christmas Tree,Vegetative Material Sale Permit (5450-5a),Christmas Tree,Salt Lake Field Office Lofgren,Utah,LT-0002_XMAS.pdf,Tooele,10,1,2,60,11/2/2020,12/24/2020,11/2/2020,12/25/2020,8,5,10,10,Inactive
66,Hill Springs Christmas Tree,Vegetative Material Sale Permit (5450-5a),Christmas Tree,Salt Lake Field Office Hill Springs,Utah,LT-0002_XMAS.pdf,Tooele,10,1,2,60,11/2/2020,12/24/2020,11/2/2020,12/25/2020,7,7,10,11,Inactive
67,South Soldier Christmas Tree,Vegetative Material Sale Permit (5450-5a),Christmas Tree,Salt Lake Field Office South Soldier,Utah,LT-0002_XMAS.pdf,Tooele,10,1,2,60,11/2/2020,12/24/2020,11/2/2020,12/25/2020,22,18,30,31,Inactive
68,Raft River Christmas Tree,Vegetative Material Sale Permit (5450-5a),Christmas Tree,Salt Lake Field Office Raft River,Utah,LT-0002_XMAS.pdf,Box Elder,10,1,2,60,11/2/2020,12/24/2020,11/2/2020,12/25/2020,18,16,25,26,Inactive
69,Cedar City Field Office,Vegetative Material Sale Permit (5450-5a),Christmas Tree,Cedar City Field Office,Utah,LT-0002_XMAS.pdf,Beaver,10,1,2,60,11/17/2025,12/24/2025,11/17/2025,12/25/2025,4555,3986,0,5031,Active
70,Vernal Field Office,Vegetative Material Sale Permit (5450-5a),Christmas Tree,Vernal Field Office,Utah,LT-0002_XMAS.pdf,Uintah,10,1,1,60,11/17/2025,12/24/2025,11/17/2025,12/25/2025,2150,1865,0,1865,Active
71,Upper Snake Field Office,Vegetative Material Sale Permit (5450-5a),Fuelwood,Upper Snake Field Office,Idaho,LT-0002_FUELWOOD.pdf,Fremont,10,2,6,180,6/1/2025,11/29/2025,6/1/2025,11/30/2025,168,152,0,417,Inactive
72,Upper Snake Field Office,Vegetative Material Sale Permit (5450-5a),Christmas Tree,Upper Snake Field Office,Idaho,LT-0002_XMAS.pdf,Fremont,10,1,3,60,11/12/2025,12/23/2025,11/12/2025,12/24/2025,1884,1584,0,1832,Active
73,Lone Pine Unit 02,Vegetative Material Sale Permit (5450-5a),Fuelwood,Three Rivers Field Office - Burns District,Oregon,LT-0002_FUELWOOD.pdf,Harney,5,1,2,90,9/22/2022,1/31/2023,9/22/2022,1/31/2023,5,4,20,4,Inactive
74,Arizona Strip Field Office,Vegetative Material Sale Permit (5450-5a),Christmas Tree,Arizona Strip Field Office,Arizona,LT-0002_XMAS.pdf,MOHAVE,10,1,2,60,11/4/2025,12/24/2025,11/4/2025,12/25/2025,143,118,0,163,Active
75,Sierra Front - Stillwater Field Offices,Vegetative Material Sale Permit (5450-5a),Christmas Tree,Carson City District,Nevada,LT-0002_XMAS.pdf,Carson City,1.56,1,10,60,11/16/2020,12/23/2020,11/16/2020,12/24/2020,0,0,0,0,Inactive
76,Carson City District,Vegetative Material Sale Permit (5450-5a),Christmas Tree,Carson City District,Nevada,LT-0002_XMAS.pdf,Carson City,5,1,10,60,11/24/2025,12/24/2025,11/24/2025,12/24/2025,2553,2245,0,3445,Active
77,Royal Gorge Field Office,Vegetative Material Sale Permit (5450-5a),Christmas Tree,Royal Gorge Field Office,Colorado,LT-0002_XMAS.pdf,Fremont,10,1,2,60,11/24/2025,12/24/2025,11/24/2025,12/25/2025,2779,2459,0,2861,Active
78,Fillmore Field Office,Vegetative Material Sale Permit (5450-5a),Christmas Tree,Fillmore Field Office,Utah,LT-0002_XMAS.pdf,Juab,10,1,3,60,11/17/2025,12/24/2025,11/17/2025,12/25/2025,2865,2503,0,3988,Active
79,Bishop Field Office,Vegetative Material Sale Permit (5450-5a),Christmas Tree,Bishop Field Office,California,LT-0002_XMAS.pdf,Mono,5,1,5,60,11/21/2025,12/24/2025,11/21/2025,12/24/2025,1934,1708,0,2363,Active
80,Grand Junction Field Office,Vegetative Material Sale Permit (5450-5a),Christmas Tree,Grand Junction Field Office,Colorado,LT-0002_XMAS.pdf,Mesa,10,1,5,60,11/16/2025,12/24/2025,11/16/2025,12/25/2025,2041,1796,0,2334,Active
81,Tres Rios Field Office,Vegetative Material Sale Permit (5450-5a),Christmas Tree,Tres Rios Field Office,Colorado,LT-0002_XMAS.pdf,San Miquel,8,1,5,60,11/9/2025,12/23/2025,11/9/2025,12/24/2025,252,212,0,233,Active
82,Rawlins Field Office,Vegetative Material Sale Permit (5450-5a),Christmas Tree,Rawlins Field Office,Wyoming,LT-0002_XMAS.pdf,Carbon,10,1,5,60,1/1/2024,12/31/2029,1/1/2024,12/31/2029,816,728,0,980,Active
83,Rock Springs Field Office,Vegetative Material Sale Permit (5450-5a),Christmas Tree,Rock Springs Field Office,Wyoming,LT-0002_XMAS.pdf,Sweetwater,10,1,5,60,1/1/2024,12/31/2029,1/1/2024,12/31/2029,549,482,0,688,Active
84,Pinedale Field Office,Vegetative Material Sale Permit (5450-5a),Christmas Tree,Pinedale Field Office,Wyoming,LT-0002_XMAS.pdf,Lincoln ,10,1,10,60,1/1/2023,12/31/2029,1/1/2023,12/31/2030,344,300,0,401,Active
85,Gunnison Field Office,Vegetative Material Sale Permit (5450-5a),Christmas Tree,Gunnison Field Office,Colorado,LT-0002_XMAS.pdf,Gunnison,10,1,5,60,11/25/2025,12/24/2025,11/25/2025,12/25/2025,410,371,0,410,Active
86,Monticello Field Office,Vegetative Material Sale Permit (5450-5a),Christmas Tree,Monticello Field Office,Utah,LT-0002_XMAS.pdf,San Juan,10,1,2,60,11/17/2025,12/24/2025,11/17/2025,12/24/2025,217,182,0,220,Active
87,Moab Field Office,Vegetative Material Sale Permit (5450-5a),Christmas Tree,Moab Field Office,Utah,LT-0002_XMAS.pdf,Grand,10,1,2,60,11/17/2025,12/24/2025,11/17/2025,12/24/2025,470,417,0,510,Active
88,Farmington Field Office,Vegetative Material Sale Permit (5450-5a),Christmas Tree,Farmington Field Office,New Mexico,LT-0002_XMAS.pdf,San Juan,5,1,2,60,11/24/2025,12/24/2025,11/24/2025,12/25/2025,648,576,0,691,Active
89,Uncompahgre Field Office,Vegetative Material Sale Permit (5450-5a),Fuelwood,Uncompahgre Field Office,Colorado,LT-0002_FUELWOOD.pdf,Montrose,5,4,10,90,5/1/2025,12/30/2025,5/1/2025,12/31/2025,217,185,0,778,Active
90,Uncompahgre Field Office,Vegetative Material Sale Permit (5450-5a),Christmas Tree,Uncompahgre Field Office,Colorado,LT-0002_XMAS.pdf,Montrose,8,1,5,60,11/14/2025,12/24/2025,11/14/2025,12/25/2025,1378,1210,0,1433,Active
91,Socorro Field Office,Vegetative Material Sale Permit (5450-5a),Christmas Tree,Socorro Field Office,New Mexico,LT-0002_XMAS.pdf,Socorro,10,1,5,60,11/22/2021,12/23/2021,11/22/2021,12/24/2021,19,16,0,23,Inactive
92,Datil Twin Peaks,Vegetative Material Sale Permit (5450-5a),Fuelwood,Socorro Field Office,New Mexico,LT-0002_FUELWOOD.pdf,Catron,5,2,8,60,11/25/2020,3/17/2021,11/25/2020,3/31/2021,22,16,0,37,Inactive
93,Carbon and Emery Counties,Vegetative Material Sale Permit (5450-5a),Christmas Tree,Price Field Office,Utah,LT-0002_XMAS.pdf,Carbon,10,1,1,60,11/17/2025,12/24/2025,11/17/2025,12/25/2025,1045,899,0,899,Active
94,St. George Field Office,Vegetative Material Sale Permit (5450-5a),Christmas Tree,St. George Field Office,Utah,LT-0002_XMAS.pdf,Washington,10,1,2,60,11/17/2025,12/24/2025,11/17/2025,12/25/2025,2269,1954,0,2349,Active
95,White River Field Office,Vegetative Material Sale Permit (5450-5a),Fuelwood,White River Field Office,Colorado,LT-0002_FUELWOOD.pdf,Rio Blanco,5,2,6,90,1/1/2021,12/31/2025,1/1/2021,3/31/2026,571,512,0,1389,Active
96,Piceance Basin & Rangely,Vegetative Material Sale Permit (5450-5a),Christmas Tree,White River Field Office,Colorado,LT-0002_XMAS.pdf,Rio Blanco,10,1,3,60,11/12/2025,12/24/2025,11/12/2025,12/25/2025,1380,1180,0,1422,Active
97,Richfield Field Office,Vegetative Material Sale Permit (5450-5a),Christmas Tree,Richfield Field Office,Utah,LT-0002_XMAS.pdf,Sevier,10,1,2,60,11/17/2025,12/24/2025,11/17/2025,12/24/2025,2593,2245,0,2941,Active
98,Eagle County,Vegetative Material Sale Permit (5450-5a),Christmas Tree,Colorado River Valley Field Office,Colorado,LT-0002_XMAS.pdf,Eagle,10,1,5,60,11/15/2021,12/24/2021,11/15/2021,12/25/2021,65,55,0,64,Inactive
99,Garfield County,Vegetative Material Sale Permit (5450-5a),Christmas Tree,Colorado River Valley Field Office,Colorado,LT-0002_XMAS.pdf,Garfield,10,1,5,60,11/15/2021,12/24/2021,11/15/2021,12/25/2021,47,45,0,49,Inactive
100,Gypsum Hills,Vegetative Material Sale Permit (5450-5a),Fuelwood,Colorado River Valley Field Office,Colorado,LT-0002_FUELWOOD.pdf,Eagle,12.5,2,10,90,7/15/2022,11/16/2022,7/15/2022,11/30/2022,4,4,0,8,Inactive
101,Spring Creek,Vegetative Material Sale Permit (5450-5a),Fuelwood,Colorado River Valley Field Office,Colorado,LT-0002_FUELWOOD.pdf,Eagle,12.5,2,10,90,5/1/2022,11/16/2022,5/1/2022,11/30/2022,5,5,0,10,Inactive
102,Cedar Mountain,Vegetative Material Sale Permit (5450-5a),Fuelwood,Colorado River Valley Field Office,Colorado,LT-0002_FUELWOOD.pdf,Garfield,12.5,2,10,90,5/1/2025,11/16/2025,5/1/2025,11/30/2025,15,12,0,26,Inactive
103,Little Snake Field Office,Vegetative Material Sale Permit (5450-5a),Christmas Tree,Little Snake Field Office,Colorado,LT-0002_XMAS.pdf,Moffat,10,1,3,60,11/17/2025,12/24/2025,11/17/2025,12/25/2025,157,126,0,149,Active
104,Little Snake Field Office,Vegetative Material Sale Permit (5450-5a),Fuelwood,Little Snake Field Office,Colorado,LT-0002_FUELWOOD.pdf,Moffat,6,1,10,90,1/1/2020,12/31/2029,1/1/2020,3/31/2030,40,33,0,72,Active
105,San Luis Valley Field Office,Vegetative Material Sale Permit (5450-5a),Christmas Tree,San Luis Valley Field Office,Colorado,LT-0002_XMAS.pdf,Saguache,10,1,5,60,11/20/2025,12/24/2025,11/20/2025,12/25/2025,530,456,0,585,Active
106,San Luis Valley Field Office,Vegetative Material Sale Permit (5450-5a),Fuelwood,San Luis Valley Field Office,Colorado,LT-0002_FUELWOOD.pdf,Saguache,10,1,10,90,1/1/2020,12/17/2033,1/15/2020,12/31/2034,234,195,0,446,Active
107,Kanab Field Office,Vegetative Material Sale Permit (5450-5a),Christmas Tree,Kanab Field Office,Utah,LT-0002_XMAS.pdf,Garfield,10,1,2,60,11/17/2025,12/24/2025,11/17/2025,12/24/2025,344,291,0,369,Active
108,Kremmling Field Office,Vegetative Material Sale Permit (5450-5a),Christmas Tree,Kremmling Field Office,Colorado,LT-0002_XMAS.pdf,Grand,10,1,5,60,11/5/2025,12/25/2025,11/5/2025,12/25/2025,1438,1233,0,1533,Active
109,Kremmling Field Office,Vegetative Material Sale Permit (5450-5a),Fuelwood,Kremmling Field Office,Colorado,LT-0002_FUELWOOD.pdf,Grand,10,3,10,90,1/1/2020,12/31/2025,1/1/2020,3/31/2026,165,149,0,506,Active
110,Bristlecone Field Office,Vegetative Material Sale Permit (5450-5a),Christmas Tree,Bristlecone Field Office,Nevada,LT-0002_XMAS.pdf,White Pine,5,1,10,60,11/1/2022,12/24/2022,11/1/2022,12/25/2022,1,1,0,1,Inactive
111,Bristlecone Field Office,Vegetative Material Sale Permit (5450-5a),Fuelwood,Bristlecone Field Office,Nevada,LT-0002_FUELWOOD.pdf,White Pine,6,2,10,90,1/1/2022,12/31/2022,1/1/2022,3/31/2023,194,171,0,500,Inactive
112,Caliente Field Office,Vegetative Material Sale Permit (5450-5a),Christmas Tree,Caliente Field Office,Nevada,LT-0002_XMAS.pdf,Lincoln,5,1,3,60,11/1/2022,12/24/2022,11/1/2022,12/25/2022,61,58,0,121,Inactive
113,Caliente Field Office,Vegetative Material Sale Permit (5450-5a),Fuelwood,Caliente Field Office,Nevada,LT-0002_FUELWOOD.pdf,Lincoln,6,2,10,90,1/1/2022,12/31/2022,1/1/2022,3/31/2023,202,186,0,535,Inactive
114,San Simon,Vegetative Material Sale Permit (5450-5a),Fuelwood,Safford Field Office,Arizona,LT-0002_FUELWOOD.pdf,Graham,50,1,1,14,1/1/2022,12/31/2025,1/1/2022,1/14/2026,14,8,0,8,Active
115,"Green Mountain, Silver Lake, & Picture Rock",Vegetative Material Sale Permit (5450-5a),Fuelwood,Lakeview Field Office - Lakeview District,Oregon,LT-0002_FUELWOOD.pdf,Lake County,5,2,8,240,4/7/2025,12/31/2025,4/7/2025,12/31/2025,135,118,0,435,Active
116,Klamath Falls Field Office,Vegetative Material Sale Permit (5450-5a),Fuelwood,Klamath Falls Field Office - Lakeview District,Oregon,LT-0002_FUELWOOD.pdf,Klamath County,5,2,10,365,4/4/2025,12/31/2025,4/15/2025,12/31/2025,545,481,0,1853,Active
117,Malheur Field Office,Vegetative Material Sale Permit (5450-5a),Fuelwood,Malheur Field Office - Vale District,Oregon,LT-0002_FUELWOOD.pdf,Malheur,5.5,2,10,366,5/1/2025,11/29/2025,5/1/2025,11/30/2025,147,125,0,479,Inactive
118,Baker SE Fuelwood Cutting Area,Vegetative Material Sale Permit (5450-5a),Fuelwood,Baker Field Office- SE,Oregon,LT-0002_FUELWOOD.pdf,Baker,5,2,10,90,5/1/2021,11/29/2021,5/1/2021,11/30/2021,0,0,0,0,Inactive
119,Baker Field Office,Vegetative Material Sale Permit (5450-5a),Fuelwood,Baker Field Office - Vale District,Oregon,LT-0002_FUELWOOD.pdf,BAKER,5.5,2,10,366,5/1/2025,11/29/2025,5/1/2025,11/30/2025,93,77,0,280,Inactive
120,Williamson Creek,Vegetative Material Sale Permit (5450-5a),Fuelwood,Deschutes Field Office - Prineville District,Oregon,LT-0002_FUELWOOD.pdf,Crook,10,2,4,90,5/1/2024,11/25/2024,5/1/2024,11/30/2024,54,47,200,113,Inactive
121,Moab Field Office,Vegetative Material Sale Permit (5450-5a),Fuelwood,Moab Field Office,Utah,LT-0002_FUELWOOD.pdf,San Juan,6,2,10,90,1/1/2021,12/30/2029,1/1/2021,3/31/2030,373,338,0,909,Active
122,Monticello Field Office,Vegetative Material Sale Permit (5450-5a),Fuelwood,Monticello Field Office,Utah,LT-0002_FUELWOOD.pdf,San Juan,5,2,10,90,1/1/2021,12/30/2025,1/1/2021,3/31/2026,2368,2055,0,6658,Active
123,Coeur d'Alene Field Office,Vegetative Material Sale Permit (5450-5a),Fuelwood,Coeur d'Alene Field Office,Idaho,LT-0002_FUELWOOD.pdf,Shoshone,5,2,10,180,1/1/2022,12/31/2034,1/1/2022,6/30/2035,486,399,0,1386,Active
124,Cottonwood Field Office,Vegetative Material Sale Permit (5450-5a),Fuelwood,Cottonwood Field Office,Idaho,LT-0002_FUELWOOD.pdf,Idaho,5,2,10,180,1/1/2022,12/31/2034,1/1/2022,6/30/2035,124,104,0,307,Active
125,King Range NCA-Paradise Ridge Rd (unrestricted),Vegetative Material Sale Permit (5450-5a),Fuelwood,Arcata Field Office,California,LT-0002_FUELWOOD.pdf,Humboldt,12,2,10,90,4/24/2023,4/30/2024,4/24/2023,5/14/2024,15,10,0,24,Inactive
126,King Range NCA-Paradise Ridge Rd (restricted),Vegetative Material Sale Permit (5450-5a),Fuelwood,Arcata Field Office,California,LT-0002_FUELWOOD.pdf,Humboldt,12,2,10,90,4/24/2023,4/30/2024,4/24/2023,5/14/2024,19,12,0,24,Inactive
127,Border Field Office,Vegetative Material Sale Permit (5450-5a),Fuelwood,Border Field Office - Spokane District,Washington,LT-0002_FUELWOOD.pdf,Stevens,5.5,2,10,90,6/6/2023,12/31/2027,6/6/2023,12/31/2027,112,92,0,278,Active
128,Silvies Valley,Vegetative Material Sale Permit (5450-5a),Fuelwood,Three Rivers Field Office,Oregon,LT-0002_FUELWOOD.pdf,Harney,5,1,6,90,9/22/2022,11/15/2022,9/22/2022,12/15/2022,0,0,0,0,Inactive
129,Klamath Falls Field Office,Vegetative Material Sale Permit (5450-5a),Christmas Tree,Klamath Falls Field Office - Lakeview District,Oregon,LT-0002_XMAS.pdf,Klamath County,5,1,2,60,11/1/2025,12/25/2025,11/1/2025,12/25/2025,922,814,0,1032,Active
130,Coos Bay District,Vegetative Material Sale Permit (5450-5a),Christmas Tree,Coos Bay District,Oregon,LT-0002_XMAS.pdf,Douglas,5,1,5,60,11/1/2025,12/25/2025,11/1/2025,12/25/2025,652,581,0,741,Active
131,Ashland Field Office,Vegetative Material Sale Permit (5450-5a),Christmas Tree,Ashland Field Office - Medford District,Oregon,LT-0002_XMAS.pdf,Jackson,5,1,1,60,11/12/2025,12/24/2025,11/12/2025,12/25/2025,311,270,0,270,Active
132,Butte Falls Field Office,Vegetative Material Sale Permit (5450-5a),Christmas Tree,Butte Falls Field Office - Medford District,Oregon,LT-0002_XMAS.pdf,Jackson,5,1,1,60,11/12/2025,12/24/2025,11/12/2025,12/25/2025,146,119,0,119,Active
133,Grants Pass Field Office,Vegetative Material Sale Permit (5450-5a),Christmas Tree,Grants Pass Field Office - Medford District,Oregon,LT-0002_XMAS.pdf,Jackson,5,1,1,60,11/12/2025,12/24/2025,11/12/2025,12/25/2025,304,251,0,251,Active
134,Salt Lake Field Office,Vegetative Material Sale Permit (5450-5a),Christmas Tree,Salt Lake Field Office,Utah,LT-0002_XMAS.pdf,Tooele,10,1,2,60,11/17/2025,12/24/2025,11/17/2025,12/25/2025,12214,10425,0,12719,Active
135,Four Rivers Field Office,Vegetative Material Sale Permit (5450-5a),Christmas Tree,Four Rivers Field Office,Idaho,LT-0002_XMAS.pdf,Boise,10,1,3,60,11/15/2025,12/24/2025,11/15/2025,12/25/2025,2613,2281,0,2758,Active
136,Owyhee Field Office,Vegetative Material Sale Permit (5450-5a),Christmas Tree,Owyhee Field Office,Idaho,LT-0002_XMAS.pdf,Owyhee,10,1,3,60,11/15/2025,12/24/2025,11/15/2025,12/25/2025,357,305,0,385,Active
137,Cottonwood Field Office,Vegetative Material Sale Permit (5450-5a),Christmas Tree,Cottonwood Field Office,Idaho,LT-0002_XMAS.pdf,Idaho,5,1,3,60,11/15/2025,12/24/2025,11/15/2025,12/25/2025,269,221,0,276,Active
138,Coeur d'Alene Field Office,Vegetative Material Sale Permit (5450-5a),Christmas Tree,Coeur d'Alene Field Office,Idaho,LT-0002_XMAS.pdf,Shoshone,5,1,3,60,11/1/2025,12/24/2025,11/1/2025,12/25/2025,1462,1272,0,1622,Active
139,Dry Mystery Creek - Basin Creek - Subsistence,Alaska Subsistence (5510-1),Fuelwood,Anchorage Field Office,Alaska,LT-0002_FUELWOOD.pdf,Unorganized Borough,0,1,10,365,10/1/2021,9/30/2033,10/1/2021,9/30/2034,21,21,67,74,Active
140,Ryegrass Swale,Vegetative Material Sale Permit (5450-5a),Fuelwood,Applegate Field Office,California,LT-0002_FUELWOOD.pdf,Modoc,5,2,10,60,4/16/2025,12/15/2025,4/16/2025,12/15/2025,56,49,0,204,Active
141,Dry Mystery Creek/Basin Creek Cutting Area,Alaska Subsistence (5510-1),Fuelwood,Anchorage Field Office,Alaska,LT-0002_FUELWOOD.pdf,"Unincorporated Borough	",0,1,10,90,10/1/2021,9/30/2022,10/1/2021,9/30/2022,0,0,40,0,Inactive
142,Four Rivers Field Office,Vegetative Material Sale Permit (5450-5a),Fuelwood,Four Rivers Field Office,Idaho,LT-0002_FUELWOOD.pdf,Boise,6.25,4,10,230,5/15/2025,11/25/2025,5/15/2025,11/30/2025,245,218,0,901,Inactive
143,Owyhee Field Office,Vegetative Material Sale Permit (5450-5a),Fuelwood,Owyhee Field Office,Idaho,LT-0002_FUELWOOD.pdf,Boise,6,2,10,230,5/15/2025,11/25/2025,5/15/2025,11/30/2025,231,208,0,981,Inactive
144,St. George Field Office,Vegetative Material Sale Permit (5450-5a),Fuelwood,St. George Field Office,Utah,LT-0002_FUELWOOD.pdf,Washington,5,2,10,90,5/31/2022,12/31/2027,1/1/2022,3/31/2028,272,233,0,550,Active
145,Mtn. Mahogany Dead Fuelwood Area,Vegetative Material Sale Permit (5450-5a),Fuelwood,Elko District,Nevada,LT-0002_FUELWOOD.pdf,Elko,12,1,10,90,1/1/2022,12/31/2027,1/1/2022,3/30/2028,0,0,0,0,Inactive
146,Pinyon and Utah Juniper Dead Fuelwood Area,Vegetative Material Sale Permit (5450-5a),Fuelwood,Elko District,Nevada,LT-0002_FUELWOOD.pdf,Elko,6,2,10,90,1/1/2022,12/31/2027,1/1/2022,3/30/2028,0,0,0,0,Inactive
147,Elko District - Dead Mountain Mahogany,Vegetative Material Sale Permit (5450-5a),Fuelwood,Elko District,Nevada,LT-0002_FUELWOOD.pdf,Elko,12,1,10,90,1/1/2022,12/31/2027,1/1/2022,3/31/2028,102,86,0,148,Active
148,Elko District - Dead Pinyon and Utah Juniper,Vegetative Material Sale Permit (5450-5a),Fuelwood,Elko District,Nevada,LT-0002_FUELWOOD.pdf,Elko,6,2,10,90,1/1/2022,12/31/2027,1/1/2022,3/31/2028,590,531,0,1458,Active
149,Elko District,Vegetative Material Sale Permit (5450-5a),Christmas Tree,Elko District,Nevada,LT-0002_XMAS.pdf,Elko,5,1,10,60,11/1/2025,12/24/2025,11/15/2025,12/24/2025,651,566,0,1283,Active
150,Winnemucca District,Vegetative Material Sale Permit (5450-5a),Fuelwood,Winnemucca District,Nevada,LT-0002_FUELWOOD.pdf,Humboldt,6,2,10,90,1/1/2022,12/31/2025,1/1/2022,3/31/2026,61,55,0,143,Active
151,Winnemucca District,Vegetative Material Sale Permit (5450-5a),Christmas Tree,Winnemucca District,Nevada,LT-0002_XMAS.pdf,Pershing,5,1,4,60,11/21/2025,12/24/2025,11/21/2025,12/24/2025,153,133,0,215,Active
152,South River Field Office,Vegetative Material Sale Permit (5450-5a),Christmas Tree,South River Field Office - Roseburg District,Oregon,LT-0002_XMAS.pdf,Douglas,5,1,3,60,11/12/2025,12/24/2025,11/12/2025,12/25/2025,197,159,0,202,Active
153,Swiftwater Field Office,Vegetative Material Sale Permit (5450-5a),Christmas Tree,Swiftwater Field Office - Roseburg District,Oregon,LT-0002_XMAS.pdf,Douglas,5,1,3,60,11/12/2025,12/24/2025,11/12/2025,12/25/2025,206,177,0,220,Active
154,Santa Fe County,Vegetative Material Sale Permit (5450-5a),Christmas Tree,Taos Field Office,New Mexico,LT-0002_XMAS.pdf,Santa Fe,5,1,2,60,11/22/2022,12/23/2022,11/22/2022,12/24/2022,0,0,0,0,Inactive
155,Central Rio Arriba County,Vegetative Material Sale Permit (5450-5a),Christmas Tree,Taos Field Office,New Mexico,LT-0002_XMAS.pdf,Rio Arriba,5,1,2,60,11/22/2022,12/23/2022,11/22/2022,12/24/2022,0,0,0,0,Inactive
156,Santa Fe County,Vegetative Material Sale Permit (5450-5a),Fuelwood,Taos Field Office,New Mexico,LT-0002_FUELWOOD.pdf,Santa Fe,12,1,4,90,11/22/2022,12/23/2022,11/22/2022,12/24/2022,0,0,0,0,Inactive
157,Central Rio Arriba County,Vegetative Material Sale Permit (5450-5a),Fuelwood,Taos Field Office,New Mexico,LT-0002_FUELWOOD.pdf,Rio Arriba,12,1,4,30,5/1/2022,12/30/2022,5/1/2022,12/31/2022,11,11,0,15,Inactive
158,Salt Lake Field Office,Vegetative Material Sale Permit (5450-5a),Fuelwood,Salt Lake Field Office,Utah,LT-0002_FUELWOOD.pdf,Utah,5,2,10,90,1/1/2022,12/30/2025,1/1/2022,3/31/2026,439,374,0,998,Active
159,Silvies Valley,Vegetative Material Sale Permit (5450-5a),Fuelwood,Three Rivers Field Office - Burns District,Oregon,LT-0002_FUELWOOD.pdf,Harney,5,1,5,90,6/1/2023,12/29/2023,6/1/2023,12/31/2023,3,3,0,7,Inactive
160,Ely District,Vegetative Material Sale Permit (5450-5a),Christmas Tree,Ely District,Nevada,LT-0002_XMAS.pdf,Lincoln,5,1,10,90,10/1/2025,12/24/2025,10/1/2025,12/25/2025,1358,1214,0,2776,Active
161,Ely District,Vegetative Material Sale Permit (5450-5a),Fuelwood,Ely District,Nevada,LT-0002_FUELWOOD.pdf,Lincoln,6,2,10,90,1/1/2022,12/30/2025,1/1/2022,12/31/2025,915,827,0,2462,Active
162,Gypsum Hills and Spring Creek,Vegetative Material Sale Permit (5450-5a),Fuelwood,Colorado River Valley Field Office,Colorado,LT-0002_FUELWOOD.pdf,Eagle,12.5,2,10,90,7/15/2025,11/30/2025,7/15/2025,11/30/2025,6,4,0,8,Inactive
163,Colorado River Valley Field Office,Vegetative Material Sale Permit (5450-5a),Christmas Tree,Colorado River Valley Field Office,Colorado,LT-0002_XMAS.pdf,Eagle,10,1,5,60,11/17/2025,12/24/2025,11/17/2025,12/24/2025,712,603,0,700,Active
164,Richfield Field Office,Vegetative Material Sale Permit (5450-5a),Fuelwood,Richfield Field Office,Utah,LT-0002_FUELWOOD.pdf,Sevier,5,2,10,90,1/1/2023,12/31/2025,1/1/2023,3/31/2026,224,185,0,524,Active
165,Kanab Field Office,Vegetative Material Sale Permit (5450-5a),Fuelwood,Kanab Field Office,Utah,LT-0002_FUELWOOD.pdf,Kane,5,2,10,90,1/1/2023,12/31/2025,1/1/2023,3/31/2026,208,182,0,555,Active
166,Cahto Peak Road,Vegetative Material Sale Permit (5450-5a),Fuelwood,Arcata Field Office,California,LT-0002_FUELWOOD.pdf,Mendocino,12,2,10,30,6/5/2023,6/3/2024,6/5/2023,7/1/2024,1,0,0,0,Inactive
167,Rattlesnake Creek Area- Old Military Road,Vegetative Material Sale Permit (5450-5a),Fuelwood,Three Rivers Field Office - Burns District,Oregon,LT-0002_FUELWOOD.pdf,Harney,5,1,5,90,6/1/2023,12/29/2023,6/1/2023,12/31/2023,9,7,0,13,Inactive
168,Cody Field Office,Vegetative Material Sale Permit (5450-5a),Fuelwood,Cody Field Office,Wyoming,LT-0002_FUELWOOD.pdf,Park,7.5,1,10,152,6/1/2025,10/30/2025,6/1/2025,10/31/2025,41,37,0,73,Inactive
169,Mother Lode Field Office - Softwoods,Vegetative Material Sale Permit (5450-5a),Fuelwood,Mother Lode Field Office,California,LT-0002_FUELWOOD.pdf,Amador,6,1,4,90,10/2/2023,9/29/2028,10/2/2023,9/30/2028,38,30,0,52,Active
170,Mother Lode Field Office - Hardwoods,Vegetative Material Sale Permit (5450-5a),Fuelwood,Mother Lode Field Office,California,LT-0002_FUELWOOD.pdf,Amador,12,1,4,90,10/2/2023,9/29/2028,10/2/2023,9/30/2028,60,52,0,87,Active
171,Arcata Field Office,Vegetative Material Sale Permit (5450-5a),Fuelwood,Arcata Field Office,California,LT-0002_FUELWOOD.pdf,Humboldt,12,2,10,90,10/23/2023,11/6/2028,10/23/2023,11/6/2028,117,96,0,221,Active
172,Border Field Office,Vegetative Material Sale Permit (5450-5a),Christmas Tree,Border Field Office - Spokane District,Washington,LT-0002_XMAS.pdf,Stevens,5,1,2,60,11/6/2024,12/24/2024,11/6/2024,12/24/2024,22,18,0,20,Inactive
173,Three Rivers Field Office,Vegetative Material Sale Permit (5450-5a),Christmas Tree,Three Rivers Field Office - Burns District,Oregon,LT-0002_XMAS.pdf,Harney,0,1,10,60,11/20/2023,12/22/2023,11/20/2023,12/24/2023,0,0,0,0,Inactive
174,Burns District,Vegetative Material Sale Permit (5450-5a),Christmas Tree,Burns District,Oregon,LT-0002_XMAS.pdf,Harney,5,1,5,60,11/20/2025,12/22/2025,11/20/2025,12/24/2025,5,5,0,5,Active
175,East Canyon,Vegetative Material Sale Permit (5450-5a),Fuelwood,Monticello Field Office,Utah,LT-0002_FUELWOOD.pdf,San Juan,5,2,2,90,3/1/2024,10/16/2024,3/1/2024,10/31/2024,11,9,0,18,Inactive
176,Missoula Field Office,Vegetative Material Sale Permit (5450-5a),Fuelwood,Missoula Field Office,Montana,LT-0002_FUELWOOD.pdf,Missoula,5,4,12,365,1/1/2024,12/31/2034,1/1/2024,3/31/2035,165,126,0,554,Active
177,Missoula Field Office,Vegetative Material Sale Permit (5450-5a),Christmas Tree,Missoula Field Office,Montana,LT-0002_XMAS.pdf,Missoula,5,1,2,60,2/27/2024,12/31/2029,3/4/2024,12/31/2030,129,94,0,109,Active
178,Landing Creek,Vegetative Material Sale Permit (5450-5a),Fuelwood,Three Rivers Field Office - Burns District,Oregon,LT-0002_FUELWOOD.pdf,Harney,5,2,5,366,4/14/2025,6/30/2025,4/14/2025,6/30/2025,0,0,0,0,Inactive
179,Shoshone Field Office,Vegetative Material Sale Permit (5450-5a),Fuelwood,Shoshone Field Office,Idaho,LT-0002_FUELWOOD.pdf,Blaine,6.25,4,10,90,5/15/2025,12/15/2025,5/15/2025,12/31/2025,61,56,0,262,Active
180,Arizona Strip Field Office,Vegetative Material Sale Permit (5450-5a),Fuelwood,Arizona Strip Field Office,Arizona,LT-0002_FUELWOOD.pdf,Mohave,7,2,10,60,1/1/2024,12/31/2029,1/1/2024,3/1/2030,89,58,0,181,Active
181,Pinos Altos,Vegetative Material Sale Permit (5450-5a),Fuelwood,Las Cruces District,New Mexico,LT-0002_FUELWOOD.pdf,Grant,20,1,10,90,1/1/2025,12/31/2034,1/1/2025,3/31/2035,78,62,0,89,Active
182,Las Cienegas NCA - Yucca Ash / Pipeline,Vegetative Material Sale Permit (5450-5a),Fuelwood,Tucson Field Office,Arizona,LT-0002_FUELWOOD.pdf,Pima,10,1,2,90,10/1/2025,3/15/2026,10/29/2025,3/31/2026,91,84,0,106,Active
183,"Alpine County, CA",Vegetative Material Sale Permit (5450-5a),Fuelwood,Carson City District,Nevada,LT-0002_FUELWOOD.pdf,Alpine,10,2,10,90,7/23/2025,12/31/2034,7/23/2025,3/31/2035,30,28,0,64,Active
184,Shoshone Field Office,Vegetative Material Sale Permit (5450-5a),Christmas Tree,Shoshone Field Office,Idaho,LT-0002_XMAS.pdf,Blaine,10,1,3,60,11/15/2025,12/24/2025,11/15/2025,12/25/2025,245,201,0,246,Active
185,Dillon Field Office,Vegetative Material Sale Permit (5450-5a),Christmas Tree,Dillon Field Office,Montana,LT-0002_XMAS.pdf,Beaverhead,5,1,2,60,12/26/2024,12/25/2035,12/26/2024,12/25/2035,64,51,0,62,Active
186,Dillon Field Office,Vegetative Material Sale Permit (5450-5a),Fuelwood,Dillon Field Office,Montana,LT-0002_FUELWOOD.pdf,Beaverhead,5,4,10,90,1/1/2024,12/31/2034,1/1/2024,3/31/2035,32,24,0,98,Active
187,Miles City Field Office,Vegetative Material Sale Permit (5450-5a),Christmas Tree,Miles City Field Office,Montana,LT-0002_XMAS.pdf,Carter,5,1,5,60,1/1/2025,12/31/2035,1/1/2025,12/31/2035,14,11,0,18,Active
188,Miles City Field Office,Vegetative Material Sale Permit (5450-5a),Fuelwood,Miles City Field Office,Montana,LT-0002_FUELWOOD.pdf,Carter,5,2,10,90,1/1/2025,12/31/2034,1/1/2025,3/31/2035,9,8,0,18,Active
189,Lewistown Field Office,Vegetative Material Sale Permit (5450-5a),Fuelwood,Lewistown Field Office,Montana,LT-0002_FUELWOOD.pdf,Fergus,5,4,10,90,1/1/2025,12/31/2034,1/1/2025,3/31/2035,33,29,0,130,Active
190,Lewistown Field Office,Vegetative Material Sale Permit (5450-5a),Christmas Tree,Lewistown Field Office,Montana,LT-0002_XMAS.pdf,Fergus,5,1,10,60,11/16/2025,12/25/2025,11/16/2025,12/25/2025,25,23,0,27,Active
191,Malta Field Office,Vegetative Material Sale Permit (5450-5a),Fuelwood,Malta Field Office,Montana,LT-0002_FUELWOOD.pdf,Phillips,5,4,10,90,1/1/2025,12/31/2034,1/1/2025,3/31/2035,1,1,0,4,Active
192,Malta Field Office,Vegetative Material Sale Permit (5450-5a),Christmas Tree,Malta Field Office,Montana,LT-0002_XMAS.pdf,Phillips,5,1,10,60,11/16/2025,12/25/2025,11/16/2025,12/25/2025,14,12,0,24,Active
193,Butte Field Office,Vegetative Material Sale Permit (5450-5a),Fuelwood,Butte Field Office,Montana,LT-0002_FUELWOOD.pdf,Silver Bow,5,4,10,90,1/1/2025,12/31/2034,1/1/2025,3/31/2035,73,64,0,280,Active
194,Butte Field Office,Vegetative Material Sale Permit (5450-5a),Christmas Tree,Butte Field Office,Montana,LT-0002_XMAS.pdf,Silver Bow,5,1,2,60,1/1/2025,12/31/2034,1/1/2025,3/31/2035,78,70,0,87,Active
195,South Graves,Vegetative Material Sale Permit (5450-5a),Fuelwood,Applegate Field Office,California,LT-0002_FUELWOOD.pdf,Modoc,5,2,10,60,6/5/2025,10/24/2025,6/9/2025,11/14/2025,4,4,0,9,Inactive
196,Cieneguita West,Vegetative Material Sale Permit (5450-5a),Fuelwood,Tucson Field Office,Arizona,LT-0002_FUELWOOD.pdf,Santa Cruz,10,1,2,30,11/10/2025,3/20/2026,11/10/2025,3/31/2026,3,3,0,6,Active
197,"Juniper, Pine, & White Fir",Vegetative Material Sale Permit (5450-5a),Fuelwood,Eagle Lake Field Office,California,LT-0002_FUELWOOD.pdf,Lassen,5,2,10,60,5/1/2025,12/30/2025,5/1/2025,12/31/2025,2,2,0,4,Active
198,Mountain Mahogany & Oak,Vegetative Material Sale Permit (5450-5a),Fuelwood,Eagle Lake Field Office,California,LT-0002_FUELWOOD.pdf,Lassen,10,1,3,60,5/1/2025,12/30/2025,5/1/2025,12/31/2025,1,1,0,3,Active
199,Pre-cut / stacked,Vegetative Material Sale Permit (5450-5a),Fuelwood,Eagle Lake Field Office,California,LT-0002_FUELWOOD.pdf,Lassen,30,1,10,60,5/1/2025,12/30/2025,5/1/2025,12/31/2025,0,0,0,0,Active
